user_id,name,email,role,department,location,access_level
1,Allison Hill,donaldgarcia@example.net,Manager,IT,New Roberttown,Low
2,David Guzman,jennifermiles@example.com,Manager,Finance,South Bridget,Low
3,Abigail Shaffer,jpeterson@example.org,Admin,HR,Curtisfurt,High
4,Ryan Munoz,blairamanda@example.com,Admin,IT,New Kellystad,High
5,Michele Williams,kendragalloway@example.org,User,IT,South Joshuastad,Low
6,Henry Santiago,lynchgeorge@example.net,Admin,HR,East Steven,Low
7,Timothy Watts,gabriellecameron@example.org,Manager,IT,Port Antonio,High
8,Derek Clark,jason76@example.net,Admin,Operations,Thomasberg,Low
9,Justin Baker,zhurst@example.com,User,Finance,East William,Low
10,Anthony Rodriguez,laurahenderson@example.org,Admin,Operations,Jamesmouth,Medium
11,Tricia Valencia,frazierdanny@example.net,User,HR,Kaylamouth,Low
12,Jeffrey Chavez,teresa28@example.org,User,IT,Meaganhaven,Low
13,Brittany Farmer,georgetracy@example.org,User,IT,Natashaport,Medium
14,David Bradley,millertodd@example.org,User,Finance,East Donna,Low
15,Carmen Rose,ibrandt@example.net,Manager,Operations,Lake Larry,High
16,Marie Kim DDS,wrightcaleb@example.org,Admin,Operations,New Jeffrey,Low
17,Mark Perez,heathchad@example.org,Manager,Finance,Elizabethborough,High
18,Miranda Khan,esanchez@example.com,Manager,Finance,North Collin,High
19,Jeff Owens,nuneztracey@example.org,Admin,IT,South Jessicaville,Low
20,Connor West,dwhite@example.org,Manager,HR,South Lindseyside,Medium
21,Matthew Fernandez,novaksara@example.org,Admin,HR,South Todd,Low
22,James Brown,ysmith@example.com,User,Finance,Mitchellside,Medium
23,Katelyn Lee,tanyariley@example.net,Manager,Finance,Lake Leeton,Low
24,Kathryn Farrell,brianromero@example.org,User,Finance,New Carlosbury,Low
25,Todd Hudson,harveyrobert@example.net,Manager,Finance,Sarahborough,High
26,Emily Baker,emilyevans@example.com,Manager,IT,North Stephenshire,High
27,Angel Lewis MD,nicole35@example.com,Manager,HR,South Martha,High
28,Lisa Archer,contrerasangela@example.net,Manager,HR,East Josephville,Low
29,Brittney Campbell,jenniferharris@example.net,User,Operations,Williamview,Medium
30,Sarah Davis,ccalderon@example.org,Manager,HR,Kellieview,High
31,Jeremy Thornton,rodriguezsierra@example.net,User,IT,New Barry,Low
32,Juan Jordan,parkerrachel@example.org,Admin,Finance,Jasonbury,Medium
33,Heather Castro,vdickson@example.org,User,IT,Port Francisco,Low
34,Cassandra Gutierrez,jillcook@example.com,Manager,Finance,West Erik,Low
35,Janet Williams,dwalker@example.com,Manager,Operations,Loribury,Medium
36,Matthew Ross,michelle45@example.net,Manager,Operations,Frazierside,Low
37,Alexander Wiley,gregory40@example.org,User,HR,Reedmouth,Low
38,William Wilson,jonathanfletcher@example.org,Manager,Finance,West Ryan,High
39,Tammie Hanson,cortezkevin@example.com,Manager,Operations,Nguyenport,High
40,Cheryl Ortega,lbyrd@example.net,User,Finance,Richardtown,Low
41,Daniel Floyd,steven73@example.net,Admin,Operations,Leonburgh,Low
42,Diane Beck,clarence34@example.org,Admin,IT,East Andrew,Low
43,John Atkinson,gibsonolivia@example.net,Manager,HR,Lake Heather,High
44,David Douglas Jr.,osbornejeffery@example.net,User,IT,Williamsbury,Medium
45,Barbara Anderson,jcontreras@example.net,User,Operations,Stephaniemouth,High
46,Michelle Wagner,vmerritt@example.com,User,IT,Greenbury,High
47,Destiny Strickland,rsims@example.com,Manager,IT,Lake Justinview,High
48,Steven Miller,jessebenson@example.net,Manager,Finance,North Robert,High
49,John Brown,xprice@example.net,User,IT,Port Nicoleshire,Medium
50,Aaron Bell,acastaneda@example.net,User,HR,South Jeffrey,Medium
51,Allen Rogers,dramsey@example.org,Admin,Finance,South Brittanytown,High
52,Jeffrey Camacho,brentgray@example.org,Admin,IT,Murphyfurt,High
53,Trevor Fisher,ruizkaitlyn@example.org,User,HR,Jeffreyland,Low
54,Marissa Webster,jamessmith@example.org,User,HR,East Thomas,High
55,Travis Marshall,katie29@example.net,Manager,IT,Port Loriport,High
56,Alexander Collins,tsanders@example.org,User,Operations,New Hannahbury,Low
57,Raymond Jefferson,hoganashlee@example.org,Admin,Finance,Amandastad,Medium
58,Matthew Smith,gshort@example.com,Admin,IT,Cynthiamouth,Low
59,Jessica Gross,christina87@example.com,Manager,IT,Petersenshire,Low
60,Samuel Rivas,ramirezshannon@example.com,Manager,Operations,Rogersfort,Low
61,Catherine Lewis,matthew94@example.net,Manager,HR,New Stacyland,Low
62,Jason Peters,hannahbrewer@example.com,Manager,Operations,Mcguireland,High
63,Jared Sanchez,thomas85@example.com,Admin,Finance,Michaelmouth,High
64,David Martinez,leslienewton@example.net,Manager,Operations,East Javier,Low
65,Dr. William Warren,tina34@example.org,Manager,HR,Harrytown,High
66,Beth Williams,tranheidi@example.org,User,Operations,Garciatown,High
67,Julie Alexander,tammyking@example.com,Manager,Finance,Port Cameronfort,Medium
68,Mark Brown,lisaavery@example.org,Manager,Operations,North Angela,Low
69,Kyle Montgomery,chayes@example.com,Admin,HR,Torreston,Low
70,Natalie Meza,colleenbaker@example.org,User,IT,East Glenn,High
71,Aaron Hayes,ocarter@example.com,Manager,HR,Jacquelinemouth,High
72,David Baker,ronaldstephens@example.net,Admin,IT,West Margaret,Low
73,Christopher Parker,scott74@example.net,Manager,IT,Benderhaven,Low
74,Jessica George,mnavarro@example.com,Admin,IT,North Jeremyshire,Medium
75,Alicia Hubbard,barbara27@example.net,Admin,HR,Moonburgh,Medium
76,Jessica Olsen DVM,vbailey@example.com,Manager,Operations,Port Eugenechester,Low
77,Donna Landry,gibsonleonard@example.com,Manager,HR,Port Richardhaven,High
78,April Booth,mgutierrez@example.net,Manager,Operations,Cindyfort,Low
79,Olivia Harris,sarakim@example.net,User,Operations,Martinezbury,Low
80,Emily Smith,hdavis@example.com,Admin,IT,Lake Marilynfort,High
81,Dorothy Thornton,edavenport@example.org,User,Finance,Arnoldfurt,Medium
82,Kyle Francis,michellehill@example.com,User,Operations,Sarahhaven,High
83,Aaron Barber,cgrimes@example.net,Admin,IT,Reedside,Low
84,Jamie Cantu,tinaallen@example.com,User,Finance,Port Kimberly,Low
85,Patrick Thornton,qhughes@example.net,Admin,HR,South Tammie,Low
86,Vincent Rivera,sawyerscott@example.net,Manager,Operations,Smithberg,Low
87,Matthew Moore,qharrington@example.com,User,HR,Santosmouth,Medium
88,Shannon James,courtney78@example.org,User,HR,East Crystalport,Low
89,Nicole Hamilton MD,wallaceheather@example.org,User,IT,West Lauraport,Low
90,Jeffrey Sanchez,yknight@example.org,Manager,IT,East Christian,Low
91,Lisa Allen,jesselittle@example.com,Admin,HR,Elizabethmouth,Medium
92,Megan Moore,llandry@example.com,User,Operations,Vaughnmouth,Low
93,Christina Cruz,yrodriguez@example.net,User,IT,Baileyport,Low
94,Ronald Foster,knightgina@example.net,User,IT,New Julieport,Medium
95,Crystal Pham,danaoliver@example.net,User,Operations,Lake Colton,Medium
96,Amanda Kramer,rileyjessica@example.org,User,Operations,Markchester,Low
97,Carlos Ryan,alyssa42@example.com,Admin,Finance,Coffeyport,Low
98,Gina Wilson,taylortammy@example.net,Admin,IT,Coffeyside,High
99,Richard Smith,gibsonemily@example.net,User,IT,Brendastad,Low
100,David Johnson,rose31@example.net,Manager,Operations,Blankenshipport,High
